index_pair	num_matches	percentage_of_hopped_reads	percentage_of_total_reads
TATGGCAC-TGTTCCGT	88571	12.51462401446859	0.024383151028184738
TGTTCCGT-TATGGCAC	85536	12.085794218215728	0.023547630786000043
TACCGGAT-CTCTGGAT	20269	2.863904823805352	0.005579953801924744
GATCAAGG-TCTTCGAC	18138	2.5628055500607565	0.004993300215072821
CTAGCTCA-TCGACAAG	14841	2.096956509452624	0.004085652690037255
CTCTGGAT-TACCGGAT	14152	1.9996043744878063	0.00389597445383783
TACCGGAT-TCTTCGAC	13576	1.9182185548365218	0.0037374045495550015
TCTTCGAC-TACCGGAT	10986	1.5522649560573092	0.0030243905702276993
TCGACAAG-ATCATGCG	7836	1.1071862548393478	0.0021572114061809804
CGGTAATC-TACCGGAT	7265	1.026506909316981	0.002000017976761718
GTCCTAAG-TATGGCAC	7066	0.9983892389860684	0.0019452342771917827
CTCTGGAT-TCTTCGAC	6129	0.8659959872269477	0.0016872828877594727
TCTTCGAC-CTCTGGAT	5933	0.8383022013733856	0.0016333250731076772
TACCGGAT-TCGAGAGT	5863	0.8284115635685421	0.00161405442501775
TACCGGAT-TGTTCCGT	5737	0.8106084155198238	0.0015793672584558814
TACCGGAT-CTAGCTCA	5282	0.7463192697883403	0.001454108045871355
CTAGCTCA-TACCGGAT	4738	0.6694548845621273	0.0013043475807153503
TACCGGAT-TAGCCATG	4661	0.6585751829767994	0.0012831498678164306
TATGGCAC-TACCGGAT	4625	0.6534885692485941	0.0012732392487987537
TGTTCCGT-TACCGGAT	4606	0.6508039675587081	0.0012680086443172022
TACCGGAT-TATGGCAC	4603	0.6503800830813575	0.0012671827593990625
TCTTCGAC-ATCGTGGT	4468	0.6313052816005877	0.0012300179380827746
TATGGCAC-TCTTCGAC	4277	0.6043179698759431	0.001177436598294545
CTAGCTCA-CTCTGGAT	3996	0.5646141238307854	0.0011000787109621234
TCGAGAGT-TACCGGAT	3632	0.5131828072455986	0.0009998713408945026
TACCGGAT-ATCGTGGT	3453	0.48789103343035584	0.0009505935407788318
CTCTGGAT-CTAGCTCA	3445	0.4867606748240879	0.0009483911809971259
CACTTCAC-TAGCCATG	3205	0.4528499166360528	0.0008823203875459473
TCTTCGAC-TGTTCCGT	3200	0.45214344250713534	0.000880943912682381
TACCGGAT-GTCCTAAG	3170	0.447904597733631	0.0008726850635009838
TCTTCGAC-CTAGCTCA	3013	0.42572131008562464	0.0008294637527850045
TACCGGAT-ACGATCAG	2928	0.41371124989402885	0.0008060636801043787
TACCGGAT-CGGTAATC	2913	0.41159182750727674	0.0008019342555136799
CTAGCTCA-TCTTCGAC	2907	0.4107440585525758	0.0008002824856774006
TACCGGAT-AGAGTCCA	2906	0.41060276372679233	0.0008000071907046872
TCTTCGAC-TATGGCAC	2865	0.40480967586966965	0.0007887200968234443
TAGCCATG-TACCGGAT	2851	0.4028315483087009	0.0007848659672054588
TCTTCGAC-TCGAGAGT	2779	0.39265832085229035	0.0007650447291701053
TACCGGAT-AGGATAGC	2734	0.3863000536920338	0.0007526564553980093
TGTTCCGT-TCTTCGAC	2719	0.3841806313052816	0.0007485270308073106
AGAGTCCA-TACCGGAT	2707	0.3824850933958799	0.0007452234911347517
TACCGGAT-ATCATGCG	2665	0.3765507107129737	0.0007336611022807955
CTCTGGAT-TGTTCCGT	2652	0.3747138779777885	0.0007300822676355233
AACAGCGA-TACCGGAT	2578	0.36425806086981094	0.0007097104396547432
ATCATGCG-TACCGGAT	2521	0.35620425580015264	0.0006940186262100883
CTCTGGAT-GCTACTCT	2491	0.35196541102664824	0.000685759777028691
CTCTGGAT-TCGAGAGT	2379	0.33614039053889844	0.0006549267400848076
GTCCTAAG-TACCGGAT	2326	0.328651764772374	0.0006403361065310057
ACGATCAG-TACCGGAT	2271	0.3208805493542826	0.0006251948830317773
TACCGGAT-AACAGCGA	2269	0.32059795970271565	0.0006246442930863508
AGGATAGC-TACCGGAT	2227	0.31466357701980957	0.0006130819042323945
TACCGGAT-GTAGCGTA	2217	0.31325062876197474	0.0006103289545052621
TACCGGAT-GATCAAGG	2203	0.311272501201006	0.0006064748248872767
AACAGCGA-TCTTCGAC	2178	0.307740130556419	0.0005995924505694456
CTCTGGAT-CGATCGAT	2171	0.30675106677593467	0.0005976653857604529
AGGATAGC-TCTTCGAC	2149	0.30364258060869814	0.0005916088963607614
TCTTCGAC-AGGATAGC	2140	0.30237092717664676	0.0005891312416063424
TACCGGAT-CGATCGAT	2118	0.29926244100941024	0.000583074752206651
ATCGTGGT-TACCGGAT	2090	0.2953061858874728	0.0005753664929706801
CGATCGAT-TACCGGAT	2046	0.2890892135529997	0.0005632535141712974
CTCTGGAT-AGAGTCCA	2037	0.2878175601209484	0.0005607758594168782
TCGAGAGT-TCTTCGAC	2011	0.28414389465057793	0.0005536181901263338
GTAGCGTA-TACCGGAT	1975	0.2790572809223726	0.000543707571108657
TGTTCCGT-CTCTGGAT	1941	0.2742532568457343	0.0005343475420364068
TCTTCGAC-GATCAAGG	1934	0.27326419306524996	0.000532420477227414
TACCGGAT-TCGGATTC	1922	0.27156865515584816	0.0005291169375548551
ATCATGCG-TCTTCGAC	1858	0.2625257863057055	0.0005114980593012075
TCGAGAGT-CTCTGGAT	1857	0.262384491479922	0.0005112227643284942
CTAGCTCA-ATCATGCG	1851	0.26153672252522114	0.0005095709944922148
GCTACTCT-TACCGGAT	1846	0.26083024839630375	0.0005081945196286486
CTAGCTCA-GCTACTCT	1829	0.25842823635798456	0.0005035145050925234
TCTTCGAC-ACGATCAG	1807	0.255319750190748	0.000497458015692832
TACCGGAT-GCTACTCT	1798	0.2540480967586967	0.0004949803609384128
CTCTGGAT-TATGGCAC	1742	0.24613558651482184	0.00047956384246647117
TCTTCGAC-TAGCCATG	1719	0.2428858055218018	0.0004732320580940666
AGAGTCCA-TCTTCGAC	1660	0.2345494108005765	0.00045698965470398513
GATCAAGG-TACCGGAT	1650	0.23313646254274167	0.0004542367049768527
TCTTCGAC-TCGGATTC	1643	0.23214739876225732	0.00045230964016786004
TCTTCGAC-AGAGTCCA	1619	0.2287563229434538	0.0004457025608227421
TAGCCATG-TCTTCGAC	1611	0.227625964337186	0.00044350020104103624
TATGGCAC-CTCTGGAT	1574	0.2223980557831972	0.00043331428705064613
GTAGCGTA-GCTACTCT	1532	0.21646367310029108	0.0004217518981966899
TCTTCGAC-ATCATGCG	1520	0.21476813519088928	0.000418448358524131
ATCATGCG-CTCTGGAT	1513	0.21377907141040495	0.00041652129371513825
TACCGGAT-CACTTCAC	1434	0.20261678017351004	0.000394772990870792
TACCGGAT-GATCTTGC	1427	0.20162771639302568	0.00039284592606179936
CTCTGGAT-ACGATCAG	1401	0.19795405092265522	0.000385688256771255
ATCGTGGT-TCTTCGAC	1391	0.19654110266482042	0.0003829353070441225
TCTTCGAC-GTCCTAAG	1381	0.19512815440698564	0.00038018235731699003
CTCTGGAT-GTCCTAAG	1359	0.19201966823974906	0.0003741258679172987
AGAGTCCA-CTAGCTCA	1359	0.19201966823974906	0.0003741258679172987
ACGATCAG-TCTTCGAC	1352	0.1910306044592647	0.000372198803108306
GTAGCGTA-TCTTCGAC	1351	0.19088930963348122	0.00037192350813559276
ATCGTGGT-CTCTGGAT	1349	0.19060671998191425	0.00037137291819016623
GTCCTAAG-TCTTCGAC	1345	0.19004154067878035	0.00037027173829931327
TCTTCGAC-GTAGCGTA	1326	0.18735693898889424	0.00036504113381776164
CGGTAATC-TCTTCGAC	1316	0.18594399073105944	0.0003622881840906292
CTCTGGAT-ATCATGCG	1308	0.1848136321247916	0.0003600858243089232
TCGGATTC-TCTTCGAC	1307	0.18467233729900812	0.00035981052933621
CGATCGAT-CTCTGGAT	1304	0.18424845282165767	0.0003589846444180703
AACAGCGA-CTCTGGAT	1292	0.18255291491225592	0.0003556811047455113
CTCTGGAT-TAGCCATG	1277	0.18043349252550372	0.0003515516801548127
CTCTGGAT-ATCGTGGT	1257	0.1776075960098341	0.0003460457807005478
CTAGCTCA-TCGAGAGT	1256	0.17746630118405063	0.00034577048572783455
AGAGTCCA-CTCTGGAT	1255	0.17732500635826715	0.0003454951907551213
CTAGCTCA-AGAGTCCA	1253	0.1770424167067002	0.0003449446008096948
CTAGCTCA-TGTTCCGT	1247	0.17619464775199933	0.00034329283097341533
CTAGCTCA-GTAGCGTA	1242	0.17548817362308192	0.0003419163561098491
TACCGGAT-TCGACAAG	1237	0.17478169949416453	0.0003405398812462829
TCTTCGAC-CGGTAATC	1234	0.17435781501681408	0.00033971399632814315
CTCTGGAT-AGGATAGC	1211	0.17110803402379404	0.00033338221195573857
GCTACTCT-CTCTGGAT	1195	0.16884731681125836	0.00032897749239232666
TCTTCGAC-CGATCGAT	1187	0.16771695820499052	0.0003267751326106207
TCGGATTC-TACCGGAT	1173	0.1657388306440218	0.0003229210029926353
CTCTGGAT-GTAGCGTA	1165	0.164608472037754	0.00032071864321092934
CGATCGAT-TCTTCGAC	1160	0.16390199790883658	0.00031934216834736314
GTCCTAAG-CTCTGGAT	1151	0.16263034447678526	0.0003168645135929439
TCGAGAGT-TGTTCCGT	1126	0.15909797383219826	0.0003099821392751128
GCTACTCT-TCTTCGAC	1122	0.15853279452906432	0.00030888095938425984
TGTTCCGT-CTAGCTCA	1116	0.15768502557436348	0.00030722918954798035
AGAGTCCA-TCGAGAGT	1115	0.15754373074858	0.00030695389457526716
TAGCCATG-CTCTGGAT	1106	0.15627207731652867	0.00030447623982084794
AGGATAGC-CTCTGGAT	1100	0.1554243083618278	0.00030282446998456845
TGTTCCGT-TCGAGAGT	1090	0.154011360103993	0.00030007152025743604
TCTTCGAC-GCTACTCT	1090	0.154011360103993	0.00030007152025743604
TCTTCGAC-AACAGCGA	1079	0.1524571170203747	0.00029704327555759034
ACGATCAG-CTCTGGAT	1060	0.1497725153304886	0.0002918126710760387
AGAGTCCA-GTAGCGTA	1058	0.14948992567892164	0.00029126208113061224
TCTTCGAC-TCGACAAG	1053	0.14878345155000422	0.000289885606267046
TCGGATTC-AACAGCGA	1047	0.14793568259530337	0.00028823383643076654
CACTTCAC-TACCGGAT	1043	0.14737050329216944	0.00028713265653991353
TCTTCGAC-GATCTTGC	1042	0.14722920846638596	0.00028685736156720034
CTCTGGAT-AACAGCGA	1033	0.14595755503433464	0.0002843797068127811
GTAGCGTA-CTAGCTCA	1014	0.1432729533444485	0.00027914910233122945
CTCTGGAT-CGGTAATC	1010	0.1427077740413146	0.00027804792244037654
AGGATAGC-GTAGCGTA	996	0.1407296464803459	0.0002741937928223911
TATGGCAC-TCGGATTC	991	0.1400231723514285	0.0002728173179588249
GTCCTAAG-TGTTCCGT	990	0.13988187752564502	0.0002725420229861116
CTAGCTCA-TAGCCATG	977	0.1380450447904598	0.00026896318834083944
CTAGCTCA-TATGGCAC	977	0.1380450447904598	0.00026896318834083944
GTAGCGTA-CTCTGGAT	965	0.136349506881058	0.00026565964866828056
TATGGCAC-TCGAGAGT	958	0.13536044310057366	0.0002637325838592878
TCGACAAG-TACCGGAT	957	0.13521914827479017	0.0002634572888865746
TCTTCGAC-CACTTCAC	951	0.1343713793200893	0.0002618055190502951
CACTTCAC-TCTTCGAC	938	0.13253454658490407	0.0002582266844050229
TGTTCCGT-TCGGATTC	920	0.12999123972080143	0.0002532713748961845
ATCATGCG-TAGCCATG	917	0.12956735524345098	0.0002524454899780448
TATGGCAC-CTAGCTCA	906	0.1280131121598327	0.0002494172452781991
AGAGTCCA-TGTTCCGT	889	0.12561110012151355	0.000244737230742074
TAGCCATG-CTAGCTCA	877	0.1239155622121118	0.00024143369106951503
CTAGCTCA-ACGATCAG	851	0.12024189674174131	0.0002342760217789707
ATCATGCG-CTAGCTCA	848	0.11981801226439087	0.00023345013686083095
TGTTCCGT-AGAGTCCA	845	0.11939412778704045	0.00023262425194269122
TCGAGAGT-CTAGCTCA	829	0.11713341057450477	0.00022821953237927932
GTAGCGTA-ACGATCAG	826	0.11670952609715432	0.0002273936474611396
CTCTGGAT-GATCAAGG	819	0.11572046231666996	0.00022546658265214687
GCTACTCT-CTAGCTCA	814	0.11501398818775255	0.00022409010778858066
TGTTCCGT-AACAGCGA	791	0.11176420719473254	0.00021775832341617605
GATCTTGC-TACCGGAT	790	0.11162291236894906	0.00021748302844346284
ATCATGCG-TATGGCAC	788	0.1113403227173821	0.00021693243849803633
AGGATAGC-CTAGCTCA	783	0.11063384858846469	0.00021555596363447013
TCGACAAG-TCTTCGAC	782	0.1104925537626812	0.00021528066866175686
ATCATGCG-ACGATCAG	782	0.1104925537626812	0.00021528066866175686
GTAGCGTA-TCGAGAGT	776	0.10964478480798034	0.0002136288988254774
GATCAAGG-CTCTGGAT	775	0.10950348998219686	0.00021335360385276415
CTCTGGAT-TCGGATTC	770	0.10879701585327944	0.00021197712898919795
CGGTAATC-CTCTGGAT	766	0.10823183655014554	0.00021087594909834496
TATGGCAC-GTCCTAAG	759	0.10724277276966117	0.00020894888428935223
AACAGCGA-CTAGCTCA	755	0.10667759346652725	0.0002078477043984993
GATCTTGC-TCTTCGAC	755	0.10667759346652725	0.0002078477043984993
CTAGCTCA-GTCCTAAG	736	0.10399299177664115	0.00020261709991694762
ATCATGCG-TGTTCCGT	734	0.1037104021250742	0.00020206650997152113
TAGCCATG-TGTTCCGT	724	0.10229745386723939	0.0001993135602443887
TGTTCCGT-ATCATGCG	718	0.1014496849125385	0.00019766179040810923
GCTACTCT-TGTTCCGT	709	0.10017803148048719	0.00019518413565369004
CTAGCTCA-AGGATAGC	704	0.09947155735156978	0.00019380766079012381
AGGATAGC-TGTTCCGT	698	0.09862378839686892	0.00019215589095384434
AACAGCGA-ATCATGCG	688	0.09721084013903411	0.0001894029412267119
CTCTGGAT-CACTTCAC	685	0.09678695566168367	0.0001885770563085722
AGGATAGC-TATGGCAC	683	0.09650436601011671	0.00018802646636314568
TATGGCAC-AGGATAGC	675	0.09537400740384887	0.00018582410658143973
ACGATCAG-CTAGCTCA	665	0.09396105914601408	0.0001830711568543073
GTCCTAAG-CTAGCTCA	664	0.09381976432023059	0.00018279586188159406
AGGATAGC-AGAGTCCA	662	0.09353717466866363	0.00018224527193616758
TATGGCAC-AACAGCGA	661	0.09339587984288016	0.00018196997696345434
CACTTCAC-CTCTGGAT	660	0.09325458501709667	0.0001816946819907411
AGAGTCCA-ACGATCAG	660	0.09325458501709667	0.0001816946819907411
TCGAGAGT-ACGATCAG	655	0.09254811088817927	0.00018031820712717487
AACAGCGA-TGTTCCGT	653	0.09226552123661232	0.0001797676171817484
GCTACTCT-GTAGCGTA	651	0.09198293158504536	0.00017921702723632188
CTCTGGAT-GATCTTGC	646	0.09127645745612796	0.00017784055237275565
TCGAGAGT-GCTACTCT	637	0.09000480402407664	0.00017536289761833646
ATCATGCG-GTCCTAAG	636	0.08986350919829317	0.00017508760264562325
TGTTCCGT-TAGCCATG	633	0.08943962472094272	0.00017426171772748347
AACAGCGA-GATCTTGC	628	0.08873315059202531	0.00017288524286391727
AACAGCGA-AGAGTCCA	625	0.08830926611467488	0.00017205935794577752
ATCATGCG-AGAGTCCA	621	0.08774408681154096	0.00017095817805492456
CTAGCTCA-AACAGCGA	620	0.08760279198575747	0.00017068288308221132
TCGGATTC-CTCTGGAT	619	0.087461497159974	0.00017040758810949808
ATCGTGGT-GATCAAGG	617	0.08717890750840704	0.00016985699816407157
TATGGCAC-TAGCCATG	610	0.08618984372792268	0.0001679299333550789
GTAGCGTA-TGTTCCGT	608	0.08590725407635572	0.00016737934340965238
AGAGTCCA-AGGATAGC	606	0.08562466442478876	0.0001668287534642259
CTAGCTCA-CGATCGAT	599	0.0846356006443044	0.0001649016886552332
ATCATGCG-ATCGTGGT	598	0.08449430581852092	0.00016462639368251995
TGTTCCGT-AGGATAGC	584	0.08251617825755221	0.00016077226406453453
ATCATGCG-AGGATAGC	582	0.08223358860598524	0.00016022167411910805
ACGATCAG-TGTTCCGT	579	0.08180970412863481	0.0001593957892009683
TGTTCCGT-GTAGCGTA	575	0.08124452482550089	0.00015829460931011534
TATGGCAC-ACGATCAG	574	0.0811032299997174	0.0001580193143374021
CTCTGGAT-TCGACAAG	570	0.0805380506965835	0.0001569181344465491
AGGATAGC-TCGAGAGT	570	0.0805380506965835	0.0001569181344465491
TGTTCCGT-ACGATCAG	568	0.08025546104501653	0.00015636754450112263
GATCAAGG-ACGATCAG	567	0.08011416621923305	0.0001560922495284094
ATCGTGGT-TCGAGAGT	562	0.07940769209031566	0.00015471577466484316
TAGCCATG-TCGAGAGT	556	0.07855992313561477	0.00015306400482856372
CTAGCTCA-ATCGTGGT	554	0.0782773334840478	0.0001525134148831372
AACAGCGA-ACGATCAG	553	0.07813603865826434	0.00015223811991042397
AGAGTCCA-TATGGCAC	551	0.07785344900669737	0.0001516875299649975
ATCATGCG-GATCAAGG	549	0.07757085935513042	0.00015113694001957098
AGGATAGC-GATCTTGC	549	0.07757085935513042	0.00015113694001957098
AACAGCGA-AGGATAGC	541	0.07644050074886258	0.00014893458023786503
ATCATGCG-AACAGCGA	540	0.0762992059230791	0.0001486592852651518
GTAGCGTA-AGAGTCCA	537	0.07587532144572866	0.00014783340034701207
TATGGCAC-AGAGTCCA	534	0.07545143696837821	0.00014700751542887232
AGGATAGC-ACGATCAG	531	0.07502755249102779	0.0001461816305107326
TGTTCCGT-CGATCGAT	527	0.07446237318789385	0.00014508045061987964
TAGCCATG-TATGGCAC	521	0.07361460423319298	0.00014342868078360017
TCGAGAGT-AGAGTCCA	516	0.07290813010427559	0.00014205220592003394
ACGATCAG-TAGCCATG	515	0.0727668352784921	0.0001417769109473207
CTAGCTCA-GATCAAGG	511	0.07220165597535819	0.0001406757310564677
ACGATCAG-AGAGTCCA	511	0.07220165597535819	0.0001406757310564677
ACGATCAG-TCGAGAGT	510	0.0720603611495747	0.0001404004360837545
CGGTAATC-CTAGCTCA	509	0.07191906632379122	0.00014012514111104123
TCGAGAGT-ATCGTGGT	509	0.07191906632379122	0.00014012514111104123
AGGATAGC-ATCATGCG	509	0.07191906632379122	0.00014012514111104123
AACAGCGA-TCGAGAGT	508	0.07177777149800774	0.000139849846138328
ACGATCAG-GTCCTAAG	508	0.07177777149800774	0.000139849846138328
CGATCGAT-TGTTCCGT	504	0.07121259219487383	0.000138748666247475
TGTTCCGT-ATCGTGGT	499	0.07050611806595643	0.00013737219138390877
ATCATGCG-TCGAGAGT	497	0.07022352841438946	0.00013682160143848232
TCGAGAGT-AGGATAGC	494	0.06979964393703902	0.00013599571652034257
AACAGCGA-GTAGCGTA	492	0.06951705428547207	0.0001354451265749161
GCTACTCT-AGAGTCCA	492	0.06951705428547207	0.0001354451265749161
TGTTCCGT-GCTACTCT	487	0.06881058015655467	0.00013406865171134986
TCGAGAGT-TATGGCAC	483	0.06824540085342075	0.00013296747182049687
AACAGCGA-TATGGCAC	482	0.06810410602763728	0.00013269217684778363
AGAGTCCA-AACAGCGA	481	0.06796281120185378	0.0001324168818750704
AGAGTCCA-ATCATGCG	478	0.06753892672450335	0.00013159099695693067
TATGGCAC-CACTTCAC	474	0.06697374742136943	0.00013048981706607768
ATCGTGGT-TGTTCCGT	473	0.06683245259558594	0.00013021452209336444
TATGGCAC-ATCATGCG	472	0.06669115776980247	0.0001299392271206512
ATCGTGGT-CTAGCTCA	472	0.06669115776980247	0.0001299392271206512
GCTACTCT-TCGAGAGT	470	0.0664085681182355	0.00012938863717522472
TAGCCATG-AGAGTCCA	466	0.06584338881510159	0.00012828745728437173
CGATCGAT-CTAGCTCA	463	0.06541950433775115	0.000127461572366232
TGTTCCGT-GTCCTAAG	462	0.06527820951196768	0.00012718627739351877
GTCCTAAG-AACAGCGA	461	0.0651369146861842	0.0001269109824208055
AGAGTCCA-TAGCCATG	459	0.06485432503461723	0.00012636039247537902
ACGATCAG-TATGGCAC	454	0.06414785090569983	0.00012498391761181282
TAGCCATG-ATCATGCG	453	0.06400655607991634	0.00012470862263909955
GTCCTAAG-TAGCCATG	451	0.06372396642834939	0.00012415803269367307
GTCCTAAG-ACGATCAG	451	0.06372396642834939	0.00012415803269367307
TCGACAAG-CTCTGGAT	449	0.06344137677678244	0.0001236074427482466
GATCAAGG-CTAGCTCA	448	0.06330008195099895	0.00012333214777553332
GATCAAGG-ATCGTGGT	448	0.06330008195099895	0.00012333214777553332
AACAGCGA-ATCGTGGT	448	0.06330008195099895	0.00012333214777553332
TAGCCATG-ACGATCAG	441	0.0623110181705146	0.00012140508296654064
GTCCTAAG-GATCAAGG	437	0.06174583886738068	0.00012030390307568765
ACGATCAG-ATCATGCG	433	0.06118065956424675	0.00011920272318483469
CTAGCTCA-TCGGATTC	431	0.0608980699126798	0.0001186521332394082
CTAGCTCA-CGGTAATC	430	0.06075677508689632	0.00011837683826669496
TCGAGAGT-TAGCCATG	428	0.06047418543532936	0.00011782624832126846
TAGCCATG-GTCCTAAG	426	0.060191595783762396	0.00011727565837584197
TCGGATTC-TATGGCAC	424	0.059909006132195436	0.00011672506843041547
CTAGCTCA-GATCTTGC	422	0.05962641648062848	0.000116174478484989
GATCAAGG-GTCCTAAG	421	0.059485121654845007	0.00011589918351227575
GTCCTAAG-ATCATGCG	419	0.05920253200327804	0.00011534859356684927
GATCAAGG-TGTTCCGT	417	0.05891994235171108	0.00011479800362142278
GTAGCGTA-GTCCTAAG	415	0.05863735270014413	0.00011424741367599628
ACGATCAG-AGGATAGC	415	0.05863735270014413	0.00011424741367599628
AGGATAGC-GCTACTCT	413	0.05835476304857716	0.0001136968237305698
GTCCTAAG-AGAGTCCA	409	0.05778958374544325	0.00011259564383971683
TCGGATTC-CTAGCTCA	407	0.057506994093876274	0.00011204505389429033
AGAGTCCA-GTCCTAAG	407	0.057506994093876274	0.00011204505389429033
TATGGCAC-GATCTTGC	404	0.057083109616525844	0.00011121916897615061
TGTTCCGT-GATCAAGG	400	0.05651793031339192	0.00011011798908529762
CGGTAATC-TGTTCCGT	399	0.05637663548760844	0.00010984269411258438
TAGCCATG-GATCAAGG	398	0.056235340661824965	0.00010956739913987114
GATCAAGG-TAGCCATG	397	0.05609404583604148	0.00010929210416715789
GATCTTGC-CTCTGGAT	397	0.05609404583604148	0.00010929210416715789
AGGATAGC-TAGCCATG	394	0.05567016135869105	0.00010846621924901817
AACAGCGA-TAGCCATG	386	0.054539802752423205	0.0001062638594673122
CGGTAATC-ATCGTGGT	386	0.054539802752423205	0.0001062638594673122
GTCCTAAG-GTAGCGTA	385	0.05439850792663972	0.00010598856449459898
TCGAGAGT-TCGGATTC	383	0.05411591827507277	0.00010543797454917248
GTCCTAAG-TCGAGAGT	381	0.05383332862350581	0.00010488738460374599
AACAGCGA-TCGGATTC	378	0.053409444146155366	0.00010406149968560625
GTAGCGTA-TATGGCAC	377	0.05326814932037189	0.00010378620471289301
TCGAGAGT-ATCATGCG	374	0.05284426484302145	0.00010296031979475329
ATCGTGGT-AGAGTCCA	372	0.052561675191454486	0.0001024097298493268
CACTTCAC-CTAGCTCA	371	0.05242038036567101	0.00010213443487661356
CACTTCAC-ACGATCAG	371	0.05242038036567101	0.00010213443487661356
GCTACTCT-ACGATCAG	370	0.052279085539887526	0.0001018591399039003
GATCTTGC-AGGATAGC	368	0.051996495888320574	0.00010130854995847381
TATGGCAC-CGGTAATC	366	0.05171390623675361	0.00010075796001304734
AACAGCGA-GTCCTAAG	363	0.05129002175940317	9.99320750949076e-05
TATGGCAC-GTAGCGTA	363	0.05129002175940317	9.99320750949076e-05
TAGCCATG-AGGATAGC	362	0.051148726933619694	9.965678012219435e-05
TCGAGAGT-GTCCTAAG	362	0.051148726933619694	9.965678012219435e-05
AGAGTCCA-GCTACTCT	362	0.051148726933619694	9.965678012219435e-05
ACGATCAG-CGATCGAT	361	0.05100743210783622	9.938148514948111e-05
ACGATCAG-GATCAAGG	361	0.05100743210783622	9.938148514948111e-05
TCGAGAGT-GTAGCGTA	360	0.05086613728205273	9.910619017676786e-05
AGGATAGC-CACTTCAC	359	0.05072484245626925	9.883089520405462e-05
CACTTCAC-TATGGCAC	358	0.05058354763048577	9.855560023134139e-05
TCGACAAG-TCGAGAGT	358	0.05058354763048577	9.855560023134139e-05
ATCATGCG-GTAGCGTA	358	0.05058354763048577	9.855560023134139e-05
AGAGTCCA-ATCGTGGT	357	0.05044225280470229	9.828030525862812e-05
AGGATAGC-AACAGCGA	355	0.05015966315313534	9.772971531320166e-05
AGGATAGC-TCGGATTC	355	0.05015966315313534	9.772971531320166e-05
GTAGCGTA-ATCATGCG	353	0.049877073501568364	9.717912536777516e-05
CGGTAATC-TAGCCATG	351	0.04959448385000141	9.662853542234867e-05
TGTTCCGT-GATCTTGC	350	0.049453189024217935	9.635324044963543e-05
TCGAGAGT-CGATCGAT	349	0.04931189419843446	9.607794547692217e-05
GTAGCGTA-AACAGCGA	348	0.049170599372650975	9.580265050420893e-05
AACAGCGA-GATCAAGG	344	0.048605420069517055	9.470147061335596e-05
CGGTAATC-AGGATAGC	339	0.04789894594059966	9.332499574978974e-05
CTAGCTCA-CACTTCAC	338	0.047757651114816176	9.30497007770765e-05
TATGGCAC-GATCAAGG	338	0.047757651114816176	9.30497007770765e-05
GCTACTCT-TATGGCAC	335	0.04733376663746574	9.222381585893677e-05
ACGATCAG-GCTACTCT	335	0.04733376663746574	9.222381585893677e-05
GCTACTCT-GTCCTAAG	334	0.047192471811682256	9.194852088622353e-05
ACGATCAG-TCGACAAG	334	0.047192471811682256	9.194852088622353e-05
GTAGCGTA-TAGCCATG	332	0.046909882160115296	9.139793094079703e-05
TAGCCATG-GTAGCGTA	331	0.04676858733433181	9.112263596808379e-05
CGATCGAT-TCGAGAGT	329	0.04648599768276486	9.05720460226573e-05
AACAGCGA-CGATCGAT	329	0.04648599768276486	9.05720460226573e-05
TCGAGAGT-AACAGCGA	329	0.04648599768276486	9.05720460226573e-05
GATCAAGG-AGAGTCCA	328	0.046344702856981376	9.029675104994406e-05
ATCATGCG-GCTACTCT	328	0.046344702856981376	9.029675104994406e-05
GTAGCGTA-AGGATAGC	327	0.0462034080311979	9.00214560772308e-05
TCGGATTC-TGTTCCGT	327	0.0462034080311979	9.00214560772308e-05
GATCAAGG-ATCATGCG	323	0.04563822872806398	8.892027618637783e-05
GCTACTCT-ATCATGCG	323	0.04563822872806398	8.892027618637783e-05
TCGACAAG-TAGCCATG	323	0.04563822872806398	8.892027618637783e-05
AGGATAGC-CGGTAATC	323	0.04563822872806398	8.892027618637783e-05
CGATCGAT-AGGATAGC	321	0.04535563907649701	8.836968624095135e-05
GATCAAGG-TCGAGAGT	320	0.04521434425071354	8.80943912682381e-05
AGGATAGC-ATCGTGGT	319	0.04507304942493006	8.781909629552485e-05
TATGGCAC-ATCGTGGT	318	0.044931754599146584	8.754380132281163e-05
TATGGCAC-GCTACTCT	317	0.0447904597733631	8.726850635009837e-05
TCGAGAGT-GATCAAGG	315	0.04450787012179614	8.671791640467188e-05
TCGGATTC-AGGATAGC	315	0.04450787012179614	8.671791640467188e-05
ATCGTGGT-ATCATGCG	314	0.04436657529601266	8.644262143195864e-05
GTCCTAAG-AGGATAGC	311	0.04394269081866222	8.56167365138189e-05
TCGGATTC-TCGAGAGT	311	0.04394269081866222	8.56167365138189e-05
CGGTAATC-TATGGCAC	309	0.04366010116709526	8.506614656839242e-05
ATCGTGGT-ACGATCAG	307	0.0433775115155283	8.451555662296593e-05
AGGATAGC-GTCCTAAG	307	0.0433775115155283	8.451555662296593e-05
GTAGCGTA-ATCGTGGT	306	0.043236216689744825	8.424026165025269e-05
ATCATGCG-TCGACAAG	305	0.04309492186396134	8.396496667753945e-05
GCTACTCT-TAGCCATG	299	0.04224715290926046	8.231319684125998e-05
GATCAAGG-TATGGCAC	297	0.0419645632576935	8.17626068958335e-05
TCGGATTC-GATCTTGC	293	0.04139938395455958	8.066142700498052e-05
ACGATCAG-GTAGCGTA	292	0.041258089128776106	8.038613203226727e-05
CGATCGAT-ACGATCAG	291	0.04111679430299262	8.011083705955403e-05
ATCATGCG-GATCTTGC	288	0.040692909825642186	7.928495214141429e-05
ATCGTGGT-TATGGCAC	288	0.040692909825642186	7.928495214141429e-05
AGAGTCCA-CGATCGAT	285	0.04026902534829175	7.845906722327456e-05
TGTTCCGT-CGGTAATC	283	0.03998643569672478	7.790847727784806e-05
AGGATAGC-CGATCGAT	282	0.039845140870941306	7.763318230513484e-05
TCGACAAG-ACGATCAG	281	0.03970384604515783	7.735788733242158e-05
CACTTCAC-TGTTCCGT	279	0.03942125639359087	7.680729738699509e-05
CGATCGAT-AGAGTCCA	278	0.03927996156780739	7.653200241428186e-05
GATCAAGG-GTAGCGTA	277	0.0391386667420239	7.62567074415686e-05
TAGCCATG-AACAGCGA	277	0.0391386667420239	7.62567074415686e-05
GCTACTCT-AGGATAGC	277	0.0391386667420239	7.62567074415686e-05
TATGGCAC-TCGACAAG	277	0.0391386667420239	7.62567074415686e-05
GTCCTAAG-GCTACTCT	277	0.0391386667420239	7.62567074415686e-05
TCGAGAGT-TCGACAAG	277	0.0391386667420239	7.62567074415686e-05
ACGATCAG-AACAGCGA	275	0.03885607709045695	7.570611749614211e-05
TATGGCAC-CGATCGAT	275	0.03885607709045695	7.570611749614211e-05
GTCCTAAG-TCGGATTC	271	0.03829089778732303	7.460493760528914e-05
AGAGTCCA-GATCAAGG	270	0.03814960296153955	7.43296426325759e-05
GATCTTGC-CTAGCTCA	269	0.03800830813575607	7.405434765986266e-05
ATCGTGGT-AGGATAGC	267	0.037725718484189104	7.350375771443616e-05
GATCAAGG-GATCTTGC	266	0.03758442365840563	7.322846274172292e-05
TGTTCCGT-CACTTCAC	266	0.03758442365840563	7.322846274172292e-05
ATCATGCG-CGATCGAT	265	0.03744312883262215	7.295316776900968e-05
GATCAAGG-AGGATAGC	264	0.03730183400683867	7.267787279629643e-05
GCTACTCT-AACAGCGA	259	0.03659535987792127	7.130139793273021e-05
GTAGCGTA-GATCAAGG	258	0.036454065052137795	7.102610296001697e-05
CGGTAATC-TCGAGAGT	258	0.036454065052137795	7.102610296001697e-05
ATCGTGGT-GTAGCGTA	258	0.036454065052137795	7.102610296001697e-05
TCGACAAG-CTAGCTCA	256	0.03617147540057083	7.047551301459048e-05
GTCCTAAG-ATCGTGGT	255	0.03603018057478735	7.020021804187725e-05
TCGGATTC-CGATCGAT	254	0.03588888574900387	6.9924923069164e-05
ATCGTGGT-GCTACTCT	253	0.03574759092322039	6.964962809645076e-05
TCGAGAGT-CGGTAATC	253	0.03574759092322039	6.964962809645076e-05
GATCTTGC-ATCATGCG	252	0.035606296097436915	6.93743331237375e-05
GTCCTAAG-CGATCGAT	251	0.03546500127165343	6.909903815102426e-05
GATCTTGC-TATGGCAC	251	0.03546500127165343	6.909903815102426e-05
AACAGCGA-GCTACTCT	249	0.03518241162008647	6.854844820559778e-05
GATCAAGG-GCTACTCT	248	0.035041116794302996	6.827315323288453e-05
TAGCCATG-GCTACTCT	248	0.035041116794302996	6.827315323288453e-05
TAGCCATG-CACTTCAC	247	0.03489982196851951	6.799785826017129e-05
TCGACAAG-TGTTCCGT	246	0.034758527142736036	6.772256328745805e-05
CGGTAATC-AGAGTCCA	244	0.034475937491169076	6.717197334203155e-05
AGAGTCCA-CGGTAATC	244	0.034475937491169076	6.717197334203155e-05
ACGATCAG-ATCGTGGT	242	0.034193347839602116	6.662138339660507e-05
TGTTCCGT-TCGACAAG	242	0.034193347839602116	6.662138339660507e-05
TAGCCATG-TCGGATTC	240	0.03391075818803515	6.607079345117858e-05
GCTACTCT-ATCGTGGT	240	0.03391075818803515	6.607079345117858e-05
TAGCCATG-ATCGTGGT	239	0.03376946336225167	6.579549847846534e-05
CGATCGAT-TAGCCATG	236	0.033345578884901236	6.49696135603256e-05
AGAGTCCA-TCGGATTC	236	0.033345578884901236	6.49696135603256e-05
TCGACAAG-GTCCTAAG	233	0.03292169440755079	6.414372864218587e-05
TAGCCATG-TCGACAAG	231	0.03263910475598384	6.359313869675939e-05
GCTACTCT-GATCAAGG	229	0.03235651510441687	6.304254875133289e-05
CGGTAATC-CGATCGAT	228	0.0322152202786334	6.276725377861965e-05
ATCGTGGT-TAGCCATG	228	0.0322152202786334	6.276725377861965e-05
AGGATAGC-GATCAAGG	228	0.0322152202786334	6.276725377861965e-05
CGATCGAT-GTCCTAAG	227	0.032073925452849913	6.249195880590641e-05
CACTTCAC-CGGTAATC	224	0.03165004097549948	6.166607388776666e-05
GTCCTAAG-GATCTTGC	224	0.03165004097549948	6.166607388776666e-05
CACTTCAC-AGGATAGC	223	0.031508746149715994	6.139077891505344e-05
TCGGATTC-AGAGTCCA	223	0.031508746149715994	6.139077891505344e-05
CGATCGAT-TATGGCAC	219	0.030943566846582077	6.028959902420045e-05
ATCGTGGT-CGATCGAT	219	0.030943566846582077	6.028959902420045e-05
CGGTAATC-ACGATCAG	217	0.030660977195015114	5.9739009078773966e-05
ATCATGCG-TCGGATTC	217	0.030660977195015114	5.9739009078773966e-05
TCGGATTC-ACGATCAG	216	0.030519682369231638	5.946371410606072e-05
GATCAAGG-AACAGCGA	215	0.03037838754344816	5.918841913334748e-05
TCGAGAGT-GATCTTGC	215	0.03037838754344816	5.918841913334748e-05
CGATCGAT-CGGTAATC	214	0.03023709271766468	5.891312416063423e-05
GCTACTCT-CGATCGAT	214	0.03023709271766468	5.891312416063423e-05
GTAGCGTA-CGATCGAT	213	0.030095797891881198	5.8637829187920984e-05
GATCAAGG-CGATCGAT	211	0.02981320824031424	5.80872392424945e-05
TAGCCATG-GATCTTGC	209	0.029530618588747278	5.753664929706801e-05
CGATCGAT-ATCATGCG	208	0.0293893237629638	5.726135432435476e-05
GATCTTGC-AGAGTCCA	208	0.0293893237629638	5.726135432435476e-05
AGAGTCCA-GATCTTGC	206	0.02910673411139684	5.671076437892828e-05
TCGACAAG-TATGGCAC	205	0.028965439285613362	5.643546940621503e-05
GATCTTGC-CGATCGAT	205	0.028965439285613362	5.643546940621503e-05
CGATCGAT-GTAGCGTA	204	0.028824144459829882	5.6160174433501786e-05
CGGTAATC-CACTTCAC	203	0.0286828496340464	5.588487946078855e-05
CGGTAATC-ATCATGCG	203	0.0286828496340464	5.588487946078855e-05
ACGATCAG-CGGTAATC	203	0.0286828496340464	5.588487946078855e-05
GATCTTGC-TGTTCCGT	203	0.0286828496340464	5.588487946078855e-05
ATCATGCG-CGGTAATC	201	0.028400259982479442	5.533428951536206e-05
AGAGTCCA-CACTTCAC	197	0.027835080679345526	5.423310962450908e-05
TAGCCATG-CGGTAATC	196	0.027693785853562043	5.3957814651795836e-05
CGATCGAT-GCTACTCT	195	0.027552491027778563	5.3682519679082596e-05
ATCGTGGT-AACAGCGA	195	0.027552491027778563	5.3682519679082596e-05
ACGATCAG-GATCTTGC	193	0.027269901376211603	5.31319297336561e-05
GATCTTGC-ACGATCAG	193	0.027269901376211603	5.31319297336561e-05
CACTTCAC-AGAGTCCA	191	0.026987311724644646	5.258133978822962e-05
TCGGATTC-TAGCCATG	191	0.026987311724644646	5.258133978822962e-05
TCGGATTC-CGGTAATC	188	0.026563427247294207	5.175545487008988e-05
ACGATCAG-CACTTCAC	186	0.026280837595727243	5.12048649246634e-05
CGGTAATC-GATCAAGG	185	0.026139542769943763	5.092956995195015e-05
GATCTTGC-GATCAAGG	184	0.025998247944160287	5.0654274979236904e-05
CGATCGAT-GATCAAGG	183	0.025856953118376803	5.037898000652367e-05
TAGCCATG-CGATCGAT	183	0.025856953118376803	5.037898000652367e-05
GTCCTAAG-TCGACAAG	183	0.025856953118376803	5.037898000652367e-05
AACAGCGA-CACTTCAC	182	0.025715658292593323	5.010368503381042e-05
GCTACTCT-GATCTTGC	181	0.025574363466809847	4.9828390061097176e-05
CACTTCAC-TCGAGAGT	179	0.025291773815242884	4.9277800115670695e-05
GATCTTGC-AACAGCGA	179	0.025291773815242884	4.9277800115670695e-05
ATCGTGGT-GTCCTAAG	178	0.025150478989459407	4.900250514295745e-05
GATCTTGC-TCGAGAGT	176	0.024867889337892444	4.8451915197530953e-05
ACGATCAG-TCGGATTC	175	0.024726594512108967	4.817662022481771e-05
TCGACAAG-AGGATAGC	175	0.024726594512108967	4.817662022481771e-05
ATCGTGGT-CGGTAATC	175	0.024726594512108967	4.817662022481771e-05
CACTTCAC-CGATCGAT	174	0.024585299686325487	4.7901325252104466e-05
AACAGCGA-CGGTAATC	173	0.024444004860542004	4.762603027939122e-05
TCGGATTC-ATCATGCG	173	0.024444004860542004	4.762603027939122e-05
CGATCGAT-AACAGCGA	171	0.024161415208975048	4.707544033396473e-05
ATCATGCG-CACTTCAC	170	0.024020120383191568	4.680014536125149e-05
GATCTTGC-GTAGCGTA	170	0.024020120383191568	4.680014536125149e-05
CGATCGAT-ATCGTGGT	167	0.023596235905841128	4.597426044311176e-05
GATCTTGC-GTCCTAAG	167	0.023596235905841128	4.597426044311176e-05
GCTACTCT-CGGTAATC	166	0.023454941080057648	4.5698965470398516e-05
CGGTAATC-GTCCTAAG	164	0.023172351428490688	4.514837552497203e-05
TCGGATTC-GTCCTAAG	164	0.023172351428490688	4.514837552497203e-05
CGGTAATC-GATCTTGC	163	0.023031056602707208	4.487308055225879e-05
GTAGCGTA-TCGGATTC	162	0.022889761776923728	4.459778557954554e-05
CGGTAATC-TCGGATTC	162	0.022889761776923728	4.459778557954554e-05
GTAGCGTA-GATCTTGC	159	0.022465877299573292	4.377190066140581e-05
TCGAGAGT-CACTTCAC	159	0.022465877299573292	4.377190066140581e-05
CACTTCAC-ATCATGCG	158	0.02232458247378981	4.3496605688692565e-05
GTCCTAAG-CGGTAATC	158	0.02232458247378981	4.3496605688692565e-05
ATCGTGGT-TCGGATTC	157	0.02218328764800633	4.322131071597932e-05
CGGTAATC-AACAGCGA	154	0.021759403170655892	4.2395425797839583e-05
AGAGTCCA-TCGACAAG	153	0.021618108344872412	4.212013082512634e-05
TCGACAAG-AGAGTCCA	150	0.021194223867521973	4.129424590698661e-05
GTAGCGTA-CGGTAATC	149	0.021052929041738493	4.101895093427337e-05
GATCAAGG-TCGACAAG	149	0.021052929041738493	4.101895093427337e-05
CGGTAATC-GTAGCGTA	148	0.020911634215955013	4.074365596156012e-05
GCTACTCT-TCGGATTC	148	0.020911634215955013	4.074365596156012e-05
CGGTAATC-GCTACTCT	147	0.02077033939017153	4.046836098884688e-05
TCGACAAG-GATCAAGG	146	0.020629044564388053	4.019306601613363e-05
CACTTCAC-TCGGATTC	141	0.019922570435470653	3.881659115256742e-05
ATCGTGGT-GATCTTGC	137	0.019357391132336733	3.771541126171444e-05
GATCTTGC-TAGCCATG	136	0.019216096306553253	3.7440116289001195e-05
GTCCTAAG-CACTTCAC	134	0.018933506654986297	3.68895263435747e-05
AACAGCGA-TCGACAAG	133	0.018792211829202814	3.661423137086146e-05
TCGGATTC-GTAGCGTA	133	0.018792211829202814	3.661423137086146e-05
GATCTTGC-CGGTAATC	133	0.018792211829202814	3.661423137086146e-05
AGGATAGC-TCGACAAG	133	0.018792211829202814	3.661423137086146e-05
CACTTCAC-GTCCTAAG	132	0.018650917003419334	3.6338936398148213e-05
TCGGATTC-GATCAAGG	132	0.018650917003419334	3.6338936398148213e-05
GATCTTGC-GCTACTCT	132	0.018650917003419334	3.6338936398148213e-05
CGATCGAT-GATCTTGC	131	0.018509622177635854	3.606364142543497e-05
CACTTCAC-GTAGCGTA	131	0.018509622177635854	3.606364142543497e-05
TCGACAAG-TCGGATTC	127	0.017944442874501934	3.4962461534582e-05
CACTTCAC-AACAGCGA	125	0.017661853222934974	3.441187158915551e-05
CGATCGAT-CACTTCAC	124	0.017520558397151498	3.413657661644226e-05
TCGGATTC-GCTACTCT	123	0.017379263571368018	3.386128164372902e-05
GATCAAGG-CGGTAATC	122	0.017237968745584538	3.3585986671015776e-05
CACTTCAC-GATCAAGG	122	0.017237968745584538	3.3585986671015776e-05
GATCAAGG-TCGGATTC	120	0.016955379094017575	3.303539672558929e-05
GTAGCGTA-TCGACAAG	119	0.016814084268234098	3.276010175287605e-05
TCGGATTC-ATCGTGGT	118	0.016672789442450618	3.24848067801628e-05
CGATCGAT-TCGGATTC	117	0.016531494616667138	3.220951180744956e-05
ATCGTGGT-TCGACAAG	112	0.01582502048774974	3.083303694388333e-05
TCGGATTC-CACTTCAC	111	0.01568372566196626	3.055774197117009e-05
TCGACAAG-GTAGCGTA	110	0.015542430836182779	3.0282446998456847e-05
GATCTTGC-ATCGTGGT	109	0.0154011360103993	3.0007152025743603e-05
CACTTCAC-GATCTTGC	108	0.015259841184615819	2.973185705303036e-05
CGATCGAT-TCGACAAG	105	0.014835956707265379	2.8905972134890628e-05
TCGACAAG-CGATCGAT	105	0.014835956707265379	2.8905972134890628e-05
TCGACAAG-GCTACTCT	105	0.014835956707265379	2.8905972134890628e-05
CACTTCAC-ATCGTGGT	103	0.01455336705569842	2.835538218946414e-05
GATCTTGC-CACTTCAC	102	0.014412072229914941	2.8080087216750893e-05
GTAGCGTA-CACTTCAC	101	0.014270777404131461	2.7804792244037653e-05
CACTTCAC-GCTACTCT	101	0.014270777404131461	2.7804792244037653e-05
TCGACAAG-AACAGCGA	100	0.01412948257834798	2.7529497271324406e-05
GCTACTCT-TCGACAAG	99	0.013988187752564501	2.7254202298611165e-05
TCGACAAG-ATCGTGGT	98	0.013846892926781021	2.6978907325897918e-05
GCTACTCT-CACTTCAC	96	0.013564303275214061	2.6428317380471427e-05
GATCAAGG-CACTTCAC	95	0.01342300844943058	2.6153022407758187e-05
TCGGATTC-TCGACAAG	88	0.012433944668946222	2.4225957598765477e-05
CGGTAATC-TCGACAAG	85	0.012010060191595784	2.3400072680625745e-05
GATCTTGC-TCGGATTC	85	0.012010060191595784	2.3400072680625745e-05
ATCGTGGT-CACTTCAC	84	0.011868765365812304	2.31247777079125e-05
TCGACAAG-GATCTTGC	70	0.009890637804843587	1.9270648089927085e-05
CACTTCAC-TCGACAAG	67	0.009466753327493149	1.844476317178735e-05
TCGACAAG-CGGTAATC	56	0.00791251024387487	1.5416518471941665e-05
GATCTTGC-TCGACAAG	48	0.006782151637607031	1.3214158690235714e-05
TCGACAAG-CACTTCAC	35	0.004945318902421793	9.635324044963543e-06
